曲名,アーティスト,アルバム,ファイルパス
"David Aaron Carpenter: The 12 Seasons for Viola (Vivaldi, Piazzolla, Shor)",,,E:\MUSIC\2 classical\The 12 Seasons for Viola .mp3
"Ave Maria, D. 839",Barbara Bonney · Geoffrey Parsons,Schubert : Lieder,"E:\MUSIC\2 classical\Ave Maria, D. 839.mp3"
J.S. Bach: The Violin Concertos,,,E:\MUSIC\2 classical\J.S. Bach_ The Violin Concertos.mp3
ベートーヴェン － 交響曲 第１番 ハ短調 Op.21　　カラヤン　ベルリンフィル,,,E:\MUSIC\2 classical\ベートーヴェン － 交響曲 第１番 ハ短調 Op.21　　カラヤン　ベルリンフィル.mp3
ベートーヴェン － 交響曲 第２番 ニ長調 Op.36　　カラヤン　ベルリンフィル,,,E:\MUSIC\2 classical\ベートーヴェン － 交響曲 第２番 ニ長調 Op.36　　カラヤン　ベルリンフィル.mp3
ベートーヴェン － 交響曲 第３番 変ホ長調 Op.55《英雄》　カラヤン　ベルリンフィル,,,E:\MUSIC\2 classical\ベートーヴェン － 交響曲 第３番 変ホ長調 Op.55《英雄》　カラヤン　ベルリンフィル.mp3
ベートーヴェン － 交響曲 第４番 変ロ長調 Op.60　　カラヤン　ベルリンフィル,,,E:\MUSIC\2 classical\ベートーヴェン － 交響曲 第４番 変ロ長調 Op.60　　カラヤン　ベルリンフィル.mp3
ベートーヴェン － 交響曲第５番《運命》Ｏｐ67　交響曲第６番《田園》Ｏｐ68　　カラヤン　ベルリンフィル　1962,,,E:\MUSIC\2 classical\ベートーヴェン － 交響曲 第５番《運命》Ｏｐ67　交響曲第６番《田園》Ｏｐ68　　カラヤン　ベルリンフィル　1962.mp3
ベートーヴェン － 交響曲 第７番 イ長調 Op.92　　カラヤン　ベルリンフィル,,,E:\MUSIC\2 classical\ベートーヴェン － 交響曲 第７番 イ長調 Op.92　　カラヤン　ベルリンフィル.mp3
ベートーヴェン － 交響曲 第８番 ヘ長調 Op.93　　カラヤン　ベルリンフィル,,,E:\MUSIC\2 classical\ベートーヴェン － 交響曲 第８番 ヘ長調 Op.93　　カラヤン　ベルリンフィル.mp3
ベートーヴェン － 交響曲 第９番 ニ短調 Op.125《合唱》　カラヤン　ベルリンフィル　1962　（日本語訳付き）,,,E:\MUSIC\2 classical\ベートーヴェン － 交響曲 第９番 ニ短調 Op.125《合唱》　カラヤン　ベルリンフィル　1962　（日本語訳付き）.mp3
"ベートーヴェン ピアノ・ソナタ 第8番 ≪悲 愴≫ ホロヴィッツ  Beethoven ""Grande Sonate pathetique""",,,E:\MUSIC\2 classical\ベートーヴェン ピアノ・ソナタ 第8番 ≪悲 愴≫ ホロヴィッツ  Beethoven Grande Sonate pathetique.mp3
Bolero  (Gergiev),,,E:\MUSIC\2 classical\Bolero  (Gergiev).mp3
Coro Madrigale (2008),"Jesus, bleibet meine Freude",,E:\MUSIC\2 classical\Desiring.mp3
"Beethoven: String Quartet No. 4 in C Minor, Op. 18 No. 4 - 1. Allegro ma non tanto",Emerson String Quartet,Beethoven:The String Quartets,"E:\MUSIC\2 classical\Emerson String Quartet - Beethoven_ String Quartet No. 4 in C Minor, Op. 18 No. 4 - 1. Allegro ma non tanto.mp3"
"Beethoven: String Quartet No. 4 in C Minor, Op. 18 No. 4 - 3. Menuetto. Allegretto",Emerson String Quartet,Beethoven:The String Quartets,"E:\MUSIC\2 classical\Emerson String Quartet - Beethoven_ String Quartet No. 4 in C Minor, Op. 18 No. 4 - 3. Menuetto. Allegretto.mp3"
Hungarian Dance No.5,Brahms,,E:\MUSIC\2 classical\Brahms - Hungarian Dance No.5.mp3
Prince Igor,Alexander Borodin,,E:\MUSIC\2 classical\Alexander Borodin - Prince Igor.mp3
"Mozart: Sinfonia concertante for Violin, Viola and Orchestra in E flat, K.364 - 3. Presto",Arthur Grumiaux · Arrigo Pelliccia · London Symphony Orchestra · Sir Colin Davis,Mozart: Violin Concertos Nos. 1/5 etc.,"E:\MUSIC\2 classical\Arthur Grumiaux · Arrigo Pelliccia · London Symphony Orchestra · Sir Colin Davis - Mozart_ Sinfonia concertante for Violin, Viola and Orchestra in E flat, K.364 - 3. Presto.mp3"
,,,E:\MUSIC\2 classical\La Campanella.mp3
Hungarian Rhapsody No.2 (Orchestra version),Franz Liszt,,E:\MUSIC\2 classical\Franz Liszt - Hungarian Rhapsody No.2 (Orchestra version).mp3
"Complete Symphonies 21-41 Jupiter, Paris, Prague.. (Century's recording : Josef Krips)",Mozart,,"E:\MUSIC\2 classical\Mozart - Complete Symphonies 21-41 Jupiter, Paris, Prague.. (Century's recording _ Josef Krips).mp3"
"Dvořák: Symphony No. 9 ""From the New World"" / Karajan · Berliner Philharmoniker",,,E:\MUSIC\2 classical\Dvořák_ Symphony No. 9 From the New World _ Karajan · Berliner Philharmoniker.mp3
The Best Of Opera Masterpieces . 6 Hours CLASSICAL MUSIC NON STOP.,,,E:\MUSIC\2 classical\Opera Masterpieces.mp3
The Second Waltz (Piano) // SHOSTAKOVICH,,,E:\MUSIC\2 classical\The Second Waltz.mp3
The Best of Shostakovich,,,E:\MUSIC\2 classical\Shostakovich.mp3
,,,E:\MUSIC\2 classical\Antonio Vivaldi  Concierto alla Rustica RV 151 en Sol Mayor - Obra Completa.mp3
メンデルスゾーン ピアノ三重奏曲 第1番 ニ短調 Op 49  mendelssohn   piano trio no. 1,,,E:\MUSIC\2 classical\mendelssohn   piano trio no. 1.mp3
ワーグナー: 歌劇｢ローエングリン｣：婚礼の合唱［ナクソス・クラシック・キュレーション #癒し］,,,E:\MUSIC\2 classical\婚礼の合唱.mp3
,,,"E:\MUSIC\2 classical\Mozart  Symphony No. 40, Walter   ColumbiaSO (1959) モーツァルト 交響曲第40番 ワルター.mp3"
,,,"E:\MUSIC\2 classical\Mozart - Symphony No. 41 in C major, K. 551, Jupiter.mp3"
,,,E:\MUSIC\2 classical\Mozart - Lacrimosa.mp3
,,,E:\MUSIC\2 classical\Ｊ.Ｓ.バッハ 無伴奏チェロ組曲　第1番～プレリュード～／中木健二.mp3
,,,E:\MUSIC\2 classical\Ave verum corpus K 618.mp3
,,,E:\MUSIC\2 classical\Bach  Goldberg Variations - András Schiff (2017).mp3
,,,"E:\MUSIC\2 classical\Sabine Meyer, Mozart Clarinet Concerto in A major Kv 622.mp3"
,,,"E:\MUSIC\2 classical\Beethoven - Symphony No. 6 Pastoral   Remastered (r  Herbert von Karajan, Berliner Philharmoniker).mp3"
,,,E:\MUSIC\2 classical\【長時間作業用BGM】モーツァルト：弦楽五重奏曲全集 ／ MOZART   The Complete String Quintets.mp3
,,,"E:\MUSIC\2 classical\Mozart  Divertimento in B-flat major, K. 137 125b (with Score).mp3"
,,,"E:\MUSIC\2 classical\Mozart - Divertimento in D major, K. 136 (1772).mp3"
,,,"E:\MUSIC\2 classical\Mozart  Divertimento No. 17 in D major, K. 334 320b (with Score).mp3"
エッグプラネット　BGM　スーパーマリオギャラクシー,,,E:\MUSIC\1 SMG & mkw\エッグプラネット　BGM　スーパーマリオギャラクシー.mp3
スターダスト　BGM　スーパーマリオギャラクシー,,,E:\MUSIC\1 SMG & mkw\スターダスト　BGM　スーパーマリオギャラクシー.mp3
バトルロック　BGM　スーパーマリオギャラクシー,,,E:\MUSIC\1 SMG & mkw\バトルロック　BGM　スーパーマリオギャラクシー.mp3
フローターランド(海中)　BGM　スーパーマリオギャラクシー,,,E:\MUSIC\1 SMG & mkw\フローターランド(海中)　BGM　スーパーマリオギャラクシー.mp3
,,,E:\MUSIC\1 SMG & mkw\フローターランド.mp3
ヘルプロミネンス　BGM　スーパーマリオギャラクシー,,,E:\MUSIC\1 SMG & mkw\ヘルプロミネンス　BGM　スーパーマリオギャラクシー.mp3
青空アスレチック　BGM　スーパーマリオギャラクシー,,,E:\MUSIC\1 SMG & mkw\青空アスレチック　BGM　スーパーマリオギャラクシー.mp3
Super Mario Galaxy 2,Another Story,,E:\MUSIC\1 SMG & mkw\Another Story - Super Mario Galaxy 2.mp3
Super Mario Galaxy 2,Awawawawa!,,E:\MUSIC\1 SMG & mkw\Awawawawa! - Super Mario Galaxy 2.mp3
Super Mario Galaxy 2,Ball Rolling,,E:\MUSIC\1 SMG & mkw\Ball Rolling - Super Mario Galaxy 2.mp3
Super Mario Galaxy 2,Beat Block (Yoshi),,E:\MUSIC\1 SMG & mkw\Beat Block (Yoshi) - Super Mario Galaxy 2.mp3
Super Mario Galaxy 2,Beat Block Galaxy,,E:\MUSIC\1 SMG & mkw\Beat Block Galaxy - Super Mario Galaxy 2.mp3
Super Mario Galaxy 2,Beta Song 1,,E:\MUSIC\1 SMG & mkw\Beta Song 1 - Super Mario Galaxy 2.mp3
Super Mario Galaxy 2,Beta Song 2,,E:\MUSIC\1 SMG & mkw\Beta Song 2 - Super Mario Galaxy 2.mp3
Super Mario Galaxy 2,Beta Song 3,,E:\MUSIC\1 SMG & mkw\Beta Song 3 - Super Mario Galaxy 2.mp3
Super Mario Galaxy 2,Boomsday,,E:\MUSIC\1 SMG & mkw\Boomsday - Super Mario Galaxy 2.mp3
Super Mario Galaxy 2,Boss Blitz Galaxy,,E:\MUSIC\1 SMG & mkw\Boss Blitz Galaxy - Super Mario Galaxy 2.mp3
Super Mario Galaxy 2,Bouldergeist,,E:\MUSIC\1 SMG & mkw\Bouldergeist - Super Mario Galaxy 2.mp3
Super Mario Galaxy 2,Bowser Jr.'s Fort,,E:\MUSIC\1 SMG & mkw\Bowser Jr.'s Fort - Super Mario Galaxy 2.mp3
Super Mario Galaxy 2,Bowser Jr.'s Fort (Yoshi),,E:\MUSIC\1 SMG & mkw\Bowser Jr.'s Fort (Yoshi) - Super Mario Galaxy 2.mp3
Super Mario Galaxy 2,"Bowser, Almighty Koopa King",,"E:\MUSIC\1 SMG & mkw\Bowser, Almighty Koopa King - Super Mario Galaxy 2.mp3"
Super Mario Galaxy 2,Bowser's Galaxy Generator,,E:\MUSIC\1 SMG & mkw\Bowser's Galaxy Generator - Super Mario Galaxy 2.mp3
Super Mario Galaxy 2,Bowser's Galaxy Generator (Yoshi),,E:\MUSIC\1 SMG & mkw\Bowser's Galaxy Generator (Yoshi) - Super Mario Galaxy 2.mp3
Super Mario Galaxy 2,Bowser's Lava Lair,,E:\MUSIC\1 SMG & mkw\Bowser's Lava Lair - Super Mario Galaxy 2.mp3
Super Mario Galaxy 2,Bunny Chasing,,E:\MUSIC\1 SMG & mkw\Bunny Chasing - Super Mario Galaxy 2.mp3
Super Mario Galaxy 2,Chimp's Challenge,,E:\MUSIC\1 SMG & mkw\Chimp's Challenge - Super Mario Galaxy 2.mp3
Super Mario Galaxy 2,Chompworks Galaxy,,E:\MUSIC\1 SMG & mkw\Chompworks Galaxy - Super Mario Galaxy 2.mp3
Super Mario Galaxy 2,Cloudy Court Galaxy,,E:\MUSIC\1 SMG & mkw\Cloudy Court Galaxy - Super Mario Galaxy 2.mp3
Super Mario Galaxy 2,Cosmic Clones,,E:\MUSIC\1 SMG & mkw\Cosmic Clones - Super Mario Galaxy 2.mp3
Super Mario Galaxy 2,Cosmic Cove Galaxy,,E:\MUSIC\1 SMG & mkw\Cosmic Cove Galaxy - Super Mario Galaxy 2.mp3
Super Mario Galaxy 2,Course Select,,E:\MUSIC\1 SMG & mkw\Course Select - Super Mario Galaxy 2.mp3
Super Mario Galaxy 2,Digga-Leg,,E:\MUSIC\1 SMG & mkw\Digga-Leg - Super Mario Galaxy 2.mp3
Super Mario Galaxy 2,Dino Piranha,,E:\MUSIC\1 SMG & mkw\Dino Piranha - Super Mario Galaxy 2.mp3
Super Mario Galaxy 2,Final Bowser Battle,,E:\MUSIC\1 SMG & mkw\Final Bowser Battle - Super Mario Galaxy 2.mp3
Super Mario Galaxy 2,Fire Mario,,E:\MUSIC\1 SMG & mkw\Fire Mario - Super Mario Galaxy 2.mp3
Super Mario Galaxy 2,Fleet Glide Galaxy,,E:\MUSIC\1 SMG & mkw\Fleet Glide Galaxy - Super Mario Galaxy 2.mp3
Super Mario Galaxy 2,Flip-Swap Galaxy,,E:\MUSIC\1 SMG & mkw\Flip-Swap Galaxy - Super Mario Galaxy 2.mp3
Super Mario Galaxy 2,Forest Dwellers,,E:\MUSIC\1 SMG & mkw\Forest Dwellers - Super Mario Galaxy 2.mp3
Super Mario Galaxy 2,Freezy Flake Galaxy,,E:\MUSIC\1 SMG & mkw\Freezy Flake Galaxy - Super Mario Galaxy 2.mp3
Super Mario Galaxy 2,Galaxy Intro,,E:\MUSIC\1 SMG & mkw\Galaxy Intro - Super Mario Galaxy 2.mp3
Super Mario Galaxy 2,Glamdozer,,E:\MUSIC\1 SMG & mkw\Glamdozer - Super Mario Galaxy 2.mp3
Super Mario Galaxy 2,Gobblegut,,E:\MUSIC\1 SMG & mkw\Gobblegut - Super Mario Galaxy 2.mp3
Super Mario Galaxy 2,Grand Star Get!,,E:\MUSIC\1 SMG & mkw\Grand Star Get! - Super Mario Galaxy 2.mp3
Super Mario Galaxy 2,Green Star,,E:\MUSIC\1 SMG & mkw\Green Star - Super Mario Galaxy 2.mp3
Super Mario Galaxy 2,Haunty Halls (Yoshi),,E:\MUSIC\1 SMG & mkw\Haunty Halls (Yoshi) - Super Mario Galaxy 2.mp3
Super Mario Galaxy 2,Haunty Halls Galaxy,,E:\MUSIC\1 SMG & mkw\Haunty Halls Galaxy - Super Mario Galaxy 2.mp3
Super Mario Galaxy 2,Hightail Falls (Yoshi),,E:\MUSIC\1 SMG & mkw\Hightail Falls (Yoshi) - Super Mario Galaxy 2.mp3
Super Mario Galaxy 2,Hightail Falls Galaxy,,E:\MUSIC\1 SMG & mkw\Hightail Falls Galaxy - Super Mario Galaxy 2.mp3
Super Mario Galaxy 2,Hint TV,,E:\MUSIC\1 SMG & mkw\Hint TV - Super Mario Galaxy 2.mp3
Super Mario Galaxy 2,Honeyhop Galaxy,,E:\MUSIC\1 SMG & mkw\Honeyhop Galaxy - Super Mario Galaxy 2.mp3
Super Mario Galaxy 2,Inside the Drain Pipe,,E:\MUSIC\1 SMG & mkw\Inside the Drain Pipe - Super Mario Galaxy 2.mp3
Super Mario Galaxy 2,Major Burrows,,E:\MUSIC\1 SMG & mkw\Major Burrows - Super Mario Galaxy 2.mp3
Super Mario Galaxy 2,Megahammer,,E:\MUSIC\1 SMG & mkw\Megahammer - Super Mario Galaxy 2.mp3
Super Mario Galaxy 2,Melty Monster Galaxy,,E:\MUSIC\1 SMG & mkw\Melty Monster Galaxy - Super Mario Galaxy 2.mp3
Super Mario Galaxy 2,Overture,,E:\MUSIC\1 SMG & mkw\Overture - Super Mario Galaxy 2.mp3
Super Mario Galaxy 2,Peewee Piranha,,E:\MUSIC\1 SMG & mkw\Peewee Piranha - Super Mario Galaxy 2.mp3
Super Mario Galaxy 2,Power of the Stars,,E:\MUSIC\1 SMG & mkw\Power of the Stars - Super Mario Galaxy 2.mp3
Super Mario Galaxy 2,Power Star Get!,,E:\MUSIC\1 SMG & mkw\Power Star Get! - Super Mario Galaxy 2.mp3
Super Mario Galaxy 2,Precious One,,E:\MUSIC\1 SMG & mkw\Precious One - Super Mario Galaxy 2.mp3
Super Mario Galaxy 2,Purple Coins,,E:\MUSIC\1 SMG & mkw\Purple Coins - Super Mario Galaxy 2.mp3
Super Mario Galaxy 2,Puzzle Plank Galaxy,,E:\MUSIC\1 SMG & mkw\Puzzle Plank Galaxy - Super Mario Galaxy 2.mp3
Super Mario Galaxy 2,Rainbow Mario,,E:\MUSIC\1 SMG & mkw\Rainbow Mario - Super Mario Galaxy 2.mp3
Super Mario Galaxy 2,Rolling Coaster Galaxy (Idle),,E:\MUSIC\1 SMG & mkw\Rolling Coaster Galaxy (Idle) - Super Mario Galaxy 2.mp3
Super Mario Galaxy 2,Rosalina,,E:\MUSIC\1 SMG & mkw\Rosalina - Super Mario Galaxy 2.mp3
Super Mario Galaxy 2,Shiverburn Galaxy,,E:\MUSIC\1 SMG & mkw\Shiverburn Galaxy - Super Mario Galaxy 2.mp3
Super Mario Galaxy 2,Sky Station Galaxy,,E:\MUSIC\1 SMG & mkw\Sky Station Galaxy - Super Mario Galaxy 2.mp3
Super Mario Galaxy 2,Slider,,E:\MUSIC\1 SMG & mkw\Slider - Super Mario Galaxy 2.mp3
Super Mario Galaxy 2,Slimy Spring Galaxy,,E:\MUSIC\1 SMG & mkw\Slimy Spring Galaxy - Super Mario Galaxy 2.mp3
Super Mario Galaxy 2,Slipsand Galaxy,,E:\MUSIC\1 SMG & mkw\Slipsand Galaxy - Super Mario Galaxy 2.mp3
Super Mario Galaxy 2,Space Storm Galaxy,,E:\MUSIC\1 SMG & mkw\Space Storm Galaxy - Super Mario Galaxy 2.mp3
Super Mario Galaxy 2,Spin-Dig Galaxy,,E:\MUSIC\1 SMG & mkw\Spin-Dig Galaxy - Super Mario Galaxy 2.mp3
Super Mario Galaxy 2,Squizzard,,E:\MUSIC\1 SMG & mkw\Squizzard - Super Mario Galaxy 2.mp3
Super Mario Galaxy 2,Staff Credits,,E:\MUSIC\1 SMG & mkw\Staff Credits - Super Mario Galaxy 2.mp3
Super Mario Galaxy 2,Star Chance,,E:\MUSIC\1 SMG & mkw\Star Chance - Super Mario Galaxy 2.mp3
Super Mario Galaxy 2,Starshine Beach (Underwater),,E:\MUSIC\1 SMG & mkw\Starshine Beach (Underwater) - Super Mario Galaxy 2.mp3
Super Mario Galaxy 2,Starshine Beach (Yoshi),,E:\MUSIC\1 SMG & mkw\Starshine Beach (Yoshi) - Super Mario Galaxy 2.mp3
Super Mario Galaxy 2,Starshine Beach Galaxy,,E:\MUSIC\1 SMG & mkw\Starshine Beach Galaxy - Super Mario Galaxy 2.mp3
Super Mario Galaxy 2,Starship Mario 1,,E:\MUSIC\1 SMG & mkw\Starship Mario 1 - Super Mario Galaxy 2.mp3
Super Mario Galaxy 2,Starship Mario 2,,E:\MUSIC\1 SMG & mkw\Starship Mario 2 - Super Mario Galaxy 2.mp3
Super Mario Galaxy 2,Starship Mario 3,,E:\MUSIC\1 SMG & mkw\Starship Mario 3 - Super Mario Galaxy 2.mp3
Super Mario Galaxy 2,"Starship Mario, Launch!",,"E:\MUSIC\1 SMG & mkw\Starship Mario, Launch! - Super Mario Galaxy 2.mp3"
Super Mario Galaxy 2,Supermassive Galaxy,,E:\MUSIC\1 SMG & mkw\Supermassive Galaxy - Super Mario Galaxy 2.mp3
Super Mario Galaxy 2,Sweet Mystery (Yoshi),,E:\MUSIC\1 SMG & mkw\Sweet Mystery (Yoshi) - Super Mario Galaxy 2.mp3
Super Mario Galaxy 2,Sweet Mystery Galaxy,,E:\MUSIC\1 SMG & mkw\Sweet Mystery Galaxy - Super Mario Galaxy 2.mp3
Super Mario Galaxy 2,Teleporter,,E:\MUSIC\1 SMG & mkw\Teleporter - Super Mario Galaxy 2.mp3
Super Mario Galaxy 2,Tension,,E:\MUSIC\1 SMG & mkw\Tension - Super Mario Galaxy 2.mp3
Super Mario Galaxy 2,The Lost Luma,,E:\MUSIC\1 SMG & mkw\The Lost Luma - Super Mario Galaxy 2.mp3
Super Mario Galaxy 2,The Luma and the Hat,,E:\MUSIC\1 SMG & mkw\The Luma and the Hat - Super Mario Galaxy 2.mp3
Super Mario Galaxy 2,The Perfect Run 1,,E:\MUSIC\1 SMG & mkw\The Perfect Run 1 - Super Mario Galaxy 2.mp3
Super Mario Galaxy 2,The Perfect Run 2,,E:\MUSIC\1 SMG & mkw\The Perfect Run 2 - Super Mario Galaxy 2.mp3
Super Mario Galaxy 2,The Perfect Run 3,,E:\MUSIC\1 SMG & mkw\The Perfect Run 3 - Super Mario Galaxy 2.mp3
Super Mario Galaxy 2,The Starship Appears,,E:\MUSIC\1 SMG & mkw\The Starship Appears - Super Mario Galaxy 2.mp3
Super Mario Galaxy 2,The Starship Sails,,E:\MUSIC\1 SMG & mkw\The Starship Sails - Super Mario Galaxy 2.mp3
Super Mario Galaxy 2,Theme of Super Mario Galaxy 2,,E:\MUSIC\1 SMG & mkw\Theme of Super Mario Galaxy 2 - Super Mario Galaxy 2.mp3
Super Mario Galaxy 2,Throwback Galaxy,,E:\MUSIC\1 SMG & mkw\Throwback Galaxy - Super Mario Galaxy 2.mp3
Super Mario Galaxy 2,Time Attack,,E:\MUSIC\1 SMG & mkw\Time Attack - Super Mario Galaxy 2.mp3
Super Mario Galaxy 2,Time Attack (Yoshi),,E:\MUSIC\1 SMG & mkw\Time Attack (Yoshi) - Super Mario Galaxy 2.mp3
Super Mario Galaxy 2,Toad Brigade,,E:\MUSIC\1 SMG & mkw\Toad Brigade - Super Mario Galaxy 2.mp3
Super Mario Galaxy 2,Topman's Tower,,E:\MUSIC\1 SMG & mkw\Topman's Tower - Super Mario Galaxy 2.mp3
Super Mario Galaxy 2,Twisty Trials (Yoshi),,E:\MUSIC\1 SMG & mkw\Twisty Trials (Yoshi) - Super Mario Galaxy 2.mp3
Super Mario Galaxy 2,Unidentified Planet,,E:\MUSIC\1 SMG & mkw\Unidentified Planet - Super Mario Galaxy 2.mp3
Super Mario Galaxy 2,Upside Dizzy Galaxy,,E:\MUSIC\1 SMG & mkw\Upside Dizzy Galaxy - Super Mario Galaxy 2.mp3
Super Mario Galaxy 2,Warp Pipe Room,,E:\MUSIC\1 SMG & mkw\Warp Pipe Room - Super Mario Galaxy 2.mp3
Super Mario Galaxy 2,Warp Room (Yoshi),,E:\MUSIC\1 SMG & mkw\Warp Room (Yoshi) - Super Mario Galaxy 2.mp3
Super Mario Galaxy 2,Wii Channel,,E:\MUSIC\1 SMG & mkw\Wii Channel - Super Mario Galaxy 2.mp3
Super Mario Galaxy 2,Wild Glide Galaxy,,E:\MUSIC\1 SMG & mkw\Wild Glide Galaxy - Super Mario Galaxy 2.mp3
Super Mario Galaxy 2,World 1 & 2,,E:\MUSIC\1 SMG & mkw\World 1 & 2 - Super Mario Galaxy 2.mp3
Super Mario Galaxy 2,World 3,,E:\MUSIC\1 SMG & mkw\World 3 - Super Mario Galaxy 2.mp3
Super Mario Galaxy 2,World 4,,E:\MUSIC\1 SMG & mkw\World 4 - Super Mario Galaxy 2.mp3
Super Mario Galaxy 2,World 5,,E:\MUSIC\1 SMG & mkw\World 5 - Super Mario Galaxy 2.mp3
Super Mario Galaxy 2,World 6,,E:\MUSIC\1 SMG & mkw\World 6 - Super Mario Galaxy 2.mp3
Super Mario Galaxy 2,World S,,E:\MUSIC\1 SMG & mkw\World S - Super Mario Galaxy 2.mp3
Super Mario Galaxy 2,Yoshi Appears,,E:\MUSIC\1 SMG & mkw\Yoshi Appears - Super Mario Galaxy 2.mp3
Super Mario Galaxy 2,Yoshi Star Galaxy,,E:\MUSIC\1 SMG & mkw\Yoshi Star Galaxy - Super Mario Galaxy 2.mp3
Super Mario Galaxy 2,Yoshi Star Galaxy (Yoshi),,E:\MUSIC\1 SMG & mkw\Yoshi Star Galaxy (Yoshi) - Super Mario Galaxy 2.mp3
Wii Fit Music-Results 2,,,E:\MUSIC\1 SMG & mkw\Wii Fit Music-Results 2.mp3
Wii Fit Music-Results,,,E:\MUSIC\1 SMG & mkw\Wii Fit Music-Results.mp3
レインボーロード(ファイナルセクション)　BGM　マリオカート7,,,E:\MUSIC\1 SMG & mkw\レインボーロード(ファイナルセクション)　BGM　マリオカート7.mp3
New Super Mario Bros.,Castle Theme,,E:\MUSIC\1 SMG & mkw\Castle Theme - New Super Mario Bros..mp3
Mario Kart Wii,DS Delfino Square,,E:\MUSIC\1 SMG & mkw\DS Delfino Square - Mario Kart Wii.mp3
Deltarune (Extended),THE WORLD REVOLVING (Jevil's Theme),,E:\MUSIC\1 SMG & mkw\THE WORLD REVOLVING.mp3
「王座の間」 スターウォーズエンドロール曲 ED曲,,,E:\MUSIC\1 SMG & mkw\Throne Room.mp3
Realm Overworld,The Legend of Zelda: Spirit Tracks Music,,E:\MUSIC\1 SMG & mkw\The Legend of Zelda_ Spirit Tracks Music - Realm Overworld.mp3
ポケモンBW2 BGM 「戦闘！チャンピオンアイリス」,,,E:\MUSIC\1 SMG & mkw\戦闘！チャンピオンアイリス.mp3
,,,E:\MUSIC\1 SMG & mkw\citation from ‘joy to the world'.mp3
,,,E:\MUSIC\1 SMG & mkw\I am (報道ステーションテーマ曲).mp3
,,,E:\MUSIC\1 SMG & mkw\The Grand Finale - Mario   Luigi Bowser's Inside Story.mp3
,,,E:\MUSIC\1 SMG & mkw\猫叉Master+ [HD] 「nightbird lost wing」.mp3
,,,E:\MUSIC\1 SMG & mkw\Fading World - Imperial Tower.mp3
,,,E:\MUSIC\1 SMG & mkw\Binding of Isaac - Wrath of the Lamb OST My Innermost Apocalypse.mp3
Victory Fanfare 【勝利のファンファーレ】 [Final Fantasy X HD Remaster OST],010,,E:\MUSIC\1 SMG & mkw\Victory Fanfare.mp3
Immortal (2011),Thomas Bergersen,,E:\MUSIC\1 SMG & mkw\Immortal .mp3
Town - The Bliss of the Twilight,Etrian Odyssey 4 Soundtrack,,E:\MUSIC\3 Etrian Odyssey 4\Etrian Odyssey 4 Soundtrack - Town - The Bliss of the Twilight.mp3
Unrest - Scatter About,Etrian Odyssey 4 Soundtrack,,E:\MUSIC\3 Etrian Odyssey 4\Etrian Odyssey 4 Soundtrack - Unrest - Scatter About.mp3
Unrest - The Burning Crimson Sword Dances,Etrian Odyssey 4 Soundtrack,,E:\MUSIC\3 Etrian Odyssey 4\Etrian Odyssey 4 Soundtrack - Unrest - The Burning Crimson Sword Dances.mp3
Unrest - The End of Raging Winds,Etrian Odyssey 4 Soundtrack,,E:\MUSIC\3 Etrian Odyssey 4\Etrian Odyssey 4 Soundtrack - Unrest - The End of Raging Winds.mp3
Unrest - The Legend's Successor,Etrian Odyssey 4 Soundtrack,,E:\MUSIC\3 Etrian Odyssey 4\Etrian Odyssey 4 Soundtrack - Unrest - The Legend's Successor.mp3
Until the Day You Soar Again,Etrian Odyssey 4 Soundtrack,,E:\MUSIC\3 Etrian Odyssey 4\Etrian Odyssey 4 Soundtrack - Until the Day You Soar Again.mp3
Your Adventure Has Ended,Etrian Odyssey 4 Soundtrack,,E:\MUSIC\3 Etrian Odyssey 4\Etrian Odyssey 4 Soundtrack - Your Adventure Has Ended.mp3
A Brief Respite,Etrian Odyssey 4 Soundtrack,,E:\MUSIC\3 Etrian Odyssey 4\Etrian Odyssey 4 Soundtrack - A Brief Respite.mp3
Area I - Windy Plains,Etrian Odyssey 4 Soundtrack,,E:\MUSIC\3 Etrian Odyssey 4\Etrian Odyssey 4 Soundtrack - Area I - Windy Plains.mp3
Area II - The Red Stone Forest,Etrian Odyssey 4 Soundtrack,,E:\MUSIC\3 Etrian Odyssey 4\Etrian Odyssey 4 Soundtrack - Area II - The Red Stone Forest.mp3
Area III - Sacred Mountain of Silver Wind,Etrian Odyssey 4 Soundtrack,,E:\MUSIC\3 Etrian Odyssey 4\Etrian Odyssey 4 Soundtrack - Area III - Sacred Mountain of Silver Wind.mp3
Area IV - The Land Beyond the Clouds,Etrian Odyssey 4 Soundtrack,,E:\MUSIC\3 Etrian Odyssey 4\Etrian Odyssey 4 Soundtrack - Area IV - The Land Beyond the Clouds.mp3
Battlefield - Faith is My Pillar,Etrian Odyssey 4 Soundtrack,,E:\MUSIC\3 Etrian Odyssey 4\Etrian Odyssey 4 Soundtrack - Battlefield - Faith is My Pillar.mp3
Battlefield - Storm,Etrian Odyssey 4 Soundtrack,,E:\MUSIC\3 Etrian Odyssey 4\Etrian Odyssey 4 Soundtrack - Battlefield - Storm.mp3
Battlefield - The Fall of the Final Enemy,Etrian Odyssey 4 Soundtrack,,E:\MUSIC\3 Etrian Odyssey 4\Etrian Odyssey 4 Soundtrack - Battlefield - The Fall of the Final Enemy.mp3
Battlefield - With Eyes Blazing,Etrian Odyssey 4 Soundtrack,,E:\MUSIC\3 Etrian Odyssey 4\Etrian Odyssey 4 Soundtrack - Battlefield - With Eyes Blazing.mp3
Get the Treasure,Etrian Odyssey 4 Soundtrack,,E:\MUSIC\3 Etrian Odyssey 4\Etrian Odyssey 4 Soundtrack - Get the Treasure.mp3
Labyrinth I - Cerulean Woodlands,Etrian Odyssey 4 Soundtrack,,E:\MUSIC\3 Etrian Odyssey 4\Etrian Odyssey 4 Soundtrack - Labyrinth I - Cerulean Woodlands.mp3
Labyrinth II - Misty Ravine,Etrian Odyssey 4 Soundtrack,,E:\MUSIC\3 Etrian Odyssey 4\Etrian Odyssey 4 Soundtrack - Labyrinth II - Misty Ravine.mp3
Labyrinth III - Grotto of the Adamantine Beast,Etrian Odyssey 4 Soundtrack,,E:\MUSIC\3 Etrian Odyssey 4\Etrian Odyssey 4 Soundtrack - Labyrinth III - Grotto of the Adamantine Beast.mp3
Labyrinth IV - Library of Puppets,Etrian Odyssey 4 Soundtrack,,E:\MUSIC\3 Etrian Odyssey 4\Etrian Odyssey 4 Soundtrack - Labyrinth IV - Library of Puppets.mp3
Labyrinth V - City of Radiant Ruin,Etrian Odyssey 4 Soundtrack,,E:\MUSIC\3 Etrian Odyssey 4\Etrian Odyssey 4 Soundtrack - Labyrinth V - City of Radiant Ruin.mp3
Labyrinth VI - Den of the Dark Realm,Etrian Odyssey 4 Soundtrack,,E:\MUSIC\3 Etrian Odyssey 4\Etrian Odyssey 4 Soundtrack - Labyrinth VI - Den of the Dark Realm.mp3
Minor Labyrinth I - The Undiscovered Realm,Etrian Odyssey 4 Soundtrack,,E:\MUSIC\3 Etrian Odyssey 4\Etrian Odyssey 4 Soundtrack - Minor Labyrinth I - The Undiscovered Realm.mp3
Minor Labyrinth II - Lead Astray in the Lost Woods,Etrian Odyssey 4 Soundtrack,,E:\MUSIC\3 Etrian Odyssey 4\Etrian Odyssey 4 Soundtrack - Minor Labyrinth II - Lead Astray in the Lost Woods.mp3
Minor Labyrinth III - A Cave of Exciting New Encounters,Etrian Odyssey 4 Soundtrack,,E:\MUSIC\3 Etrian Odyssey 4\Etrian Odyssey 4 Soundtrack - Minor Labyrinth III - A Cave of Exciting New Encounters.mp3
Minor Labyrinth IV - Ruins Touched by the Memories of the Ancient,Etrian Odyssey 4 Soundtrack,,E:\MUSIC\3 Etrian Odyssey 4\Etrian Odyssey 4 Soundtrack - Minor Labyrinth IV - Ruins Touched by the Memories of the Ancient.mp3
On an Adventure Gliding Through the Skies,Etrian Odyssey 4 Soundtrack,,E:\MUSIC\3 Etrian Odyssey 4\Etrian Odyssey 4 Soundtrack - On an Adventure Gliding Through the Skies.mp3
Reward,Etrian Odyssey 4 Soundtrack,,E:\MUSIC\3 Etrian Odyssey 4\Etrian Odyssey 4 Soundtrack - Reward.mp3
Scene - A Chance Meeting,Etrian Odyssey 4 Soundtrack,,E:\MUSIC\3 Etrian Odyssey 4\Etrian Odyssey 4 Soundtrack - Scene - A Chance Meeting.mp3
Scene - Imminent Calamity,Etrian Odyssey 4 Soundtrack,,E:\MUSIC\3 Etrian Odyssey 4\Etrian Odyssey 4 Soundtrack - Scene - Imminent Calamity.mp3
Scene - The Ancient Oath,Etrian Odyssey 4 Soundtrack,,E:\MUSIC\3 Etrian Odyssey 4\Etrian Odyssey 4 Soundtrack - Scene - The Ancient Oath.mp3
Scene - The Silent Wind Blows,Etrian Odyssey 4 Soundtrack,,E:\MUSIC\3 Etrian Odyssey 4\Etrian Odyssey 4 Soundtrack - Scene - The Silent Wind Blows.mp3
The Relentless Melody,Etrian Odyssey 4 Soundtrack,,E:\MUSIC\3 Etrian Odyssey 4\Etrian Odyssey 4 Soundtrack - The Relentless Melody.mp3
Town - A Town Embraced by the Azure Sky,Etrian Odyssey 4 Soundtrack,,E:\MUSIC\3 Etrian Odyssey 4\Etrian Odyssey 4 Soundtrack - Town - A Town Embraced by the Azure Sky.mp3
Town - Engraved are the Names that Will Resound Tomorrow,Etrian Odyssey 4 Soundtrack,,E:\MUSIC\3 Etrian Odyssey 4\Etrian Odyssey 4 Soundtrack - Town - Engraved are the Names that Will Resound Tomorrow.mp3
Town - Margarita's Afternoon,Etrian Odyssey 4 Soundtrack,,E:\MUSIC\3 Etrian Odyssey 4\Etrian Odyssey 4 Soundtrack - Town - Margarita's Afternoon.mp3
,,,E:\MUSIC\5 Ytube music 2021~ music preference\Last Train Home.mp3
,,,E:\MUSIC\5 Ytube music 2021~ music preference\The Coasters   Sh Boom Life Could Be A Dream.mp3
,,,E:\MUSIC\5 Ytube music 2021~ music preference\[Reupload]【東方ボーカル】 「Fall In The Dark」 【ShibayanRecords】【Subbed】.mp3
,,,E:\MUSIC\5 Ytube music 2021~ music preference\【スマブラ】MUTE CITY（スマブラXver）【15分耐久】.mp3
,,,E:\MUSIC\5 Ytube music 2021~ music preference\【神曲イース8 BGM】14 - LOST IN GREEN.mp3
,,,E:\MUSIC\5 Ytube music 2021~ music preference\Circle-Vision 2 - Tokyo Disneyland Tomorrowland.mp3
,,,E:\MUSIC\5 Ytube music 2021~ music preference\Euclase.mp3
,,,E:\MUSIC\5 Ytube music 2021~ music preference\Mariah Carey - All I Want For Christmas Is You (Official Video).mp3
,,,E:\MUSIC\5 Ytube music 2021~ music preference\Moon Over The Castle (GT7 Full Version).mp3
,,,E:\MUSIC\5 Ytube music 2021~ music preference\シーモアバトル.mp3
,,,E:\MUSIC\5 Ytube music 2021~ music preference\ずっと真夜中でいいのに。『マイノリティ脈絡』 (ZUTOMAYO - Minority Myakuraku)（Audio Track）.mp3
,,,E:\MUSIC\5 Ytube music 2021~ music preference\放課後の音楽室 2006.mp3
,,,E:\MUSIC\5 Ytube music 2021~ music preference\Steve Jablonsky - Arrival To Earth (Official Audio).mp3
,,,E:\MUSIC\5 Ytube music 2021~ music preference\いきものがかり 『ブルーバード』Music Video.mp3
,,,E:\MUSIC\5 Ytube music 2021~ music preference\プリンセス プリンセス　『Diamonds ＜ダイアモンド＞』.mp3
,,,E:\MUSIC\5 Ytube music 2021~ music preference\King Gnu - SPECIALZ.mp3
,,,E:\MUSIC\5 Ytube music 2021~ music preference\Neon Genesis Evangelion - Fly me to the moon..mp3
,,,E:\MUSIC\5 Ytube music 2021~ music preference\SEKAI NO OWARI「最高到達点」.mp3
,,,E:\MUSIC\5 Ytube music 2021~ music preference\Stay With Me (Extended Version).mp3
,,,E:\MUSIC\5 Ytube music 2021~ music preference\This is The Dream (1145) [Unused track] by Shiro SAGISU ― Evangelion 3.0+1.0 OST.【TH   ENG Lyrics】.mp3
,,,E:\MUSIC\5 Ytube music 2021~ music preference\いきものがかり 『気まぐれロマンティック』Music Video.mp3
,,,E:\MUSIC\5 Ytube music 2021~ music preference\ヘッドライト・テールライト.mp3
,,,E:\MUSIC\5 Ytube music 2021~ music preference\山口百恵　ささやかな欲望.mp3
,,,E:\MUSIC\5 Ytube music 2021~ music preference\Pokémon Omega Ruby   Alpha Sapphire - Zinnia Battle Music (HQ).mp3
,,,E:\MUSIC\5 Ytube music 2021~ music preference\Fight For Liberty.mp3
,,,E:\MUSIC\5 Ytube music 2021~ music preference\山口百恵　いい日旅立ち.mp3
"【東方原曲】永夜抄「月まで届け、不死の煙」(Reach for the Moon, Immortal Smoke)【高音質】.mp4",,,E:\MUSIC\4 Ytube  2020 music preference\月まで届け、不死の煙.mp3
悠悠華夏韻,【中國風】極致中國風,,E:\MUSIC\4 Ytube  2020 music preference\悠悠華夏韻.mp3
【東方原曲】風神録「ネイティブフェイス」(Native Faith) 【高音質】.mp4,,,E:\MUSIC\4 Ytube  2020 music preference\ネイティブフェイス.mp3
One Piece opening 6 Full HD,,,E:\MUSIC\4 Ytube  2020 music preference\One Piece opening 6 Full HD.mp3
東方アレンジ          「東方音銃夢」,,,E:\MUSIC\4 Ytube  2020 music preference\東方アレンジ          「東方音銃夢」.mp3
Come Alive,The Greatest Showman Cast,,E:\MUSIC\4 Ytube  2020 music preference\The Greatest Showman Cast - Come Alive.mp3
This Is Me,The Greatest Showman Cast,,E:\MUSIC\4 Ytube  2020 music preference\The Greatest Showman Cast - This Is Me.mp3
When You Wish Upon A Star,Lexi Walker,,E:\MUSIC\4 Ytube  2020 music preference\Lexi Walker - When You Wish Upon A Star.mp3
【勉強用・作業用BGM】α波で超集中・記憶力アップ【波の音×オルゴール】,,,E:\MUSIC\4 Ytube  2020 music preference\【勉強用・作業用BGM】α波で超集中・記憶力アップ【波の音×オルゴール】.mp3
【立体音響】聞き疲れしにくい 砂浜の波音　The sound of sandy beach,,,E:\MUSIC\4 Ytube  2020 music preference\【立体音響】聞き疲れしにくい 砂浜の波音　The sound of sandy beach.mp3
Bugle Call Rag,Benny Goodman,,E:\MUSIC\4 Ytube  2020 music preference\Benny Goodman - Bugle Call Rag.mp3
(作業用)チィリン降臨！道中BGM 1時間ver[パズドラ],,,E:\MUSIC\4 Ytube  2020 music preference\(作業用)チィリン降臨！道中BGM 1時間ver[パズドラ].mp3
【リラックス脳波】 美しい雨の音 3時間 【ヒーリング】 Sound of Rain 3 Hours,,,E:\MUSIC\4 Ytube  2020 music preference\【リラックス脳波】 美しい雨の音 3時間 【ヒーリング】 Sound of Rain 3 Hours.mp3
【作業用BGM】沖縄の海とカモメと波の音/Healing and Relaxing 2 hours,,,E:\MUSIC\4 Ytube  2020 music preference\【作業用BGM】沖縄の海とカモメと波の音_Healing and Relaxing 2 hours.mp3
ビシエドチャンテの威圧感マジ半端ない。,,,E:\MUSIC\4 Ytube  2020 music preference\ビシエドチャンテの威圧感マジ半端ない。.mp3
中日ドラゴンズ チャンステーマ1（狙い撃ち）,,,E:\MUSIC\4 Ytube  2020 music preference\中日ドラゴンズ チャンステーマ1（狙い撃ち）.mp3
【1時間】眠れない時、集中したい時に・・・　列車車内音　電車車内音　睡眠用・勉強用・読書用,,,E:\MUSIC\4 Ytube  2020 music preference\【1時間】眠れない時、集中したい時に・・・　列車車内音　電車車内音　睡眠用・勉強用・読書用.mp3
【AMBITIOUS JAPAN】東海道新幹線 のぞみ号 新大阪～東京間 自動放送 (字幕付き),,,E:\MUSIC\4 Ytube  2020 music preference\【AMBITIOUS JAPAN】東海道新幹線 のぞみ号 新大阪～東京間 自動放送 (字幕付き).mp3
,,,E:\MUSIC\4 Ytube  2020 music preference\[とび森]AM3時[BGM].mp3
,,,E:\MUSIC\4 Ytube  2020 music preference\[とび森]AM8時[BGM].mp3
,,,E:\MUSIC\4 Ytube  2020 music preference\[とび森]AM9時[BGM].mp3
,,,E:\MUSIC\4 Ytube  2020 music preference\[とび森]AM10時[BGM].mp3
,,,E:\MUSIC\4 Ytube  2020 music preference\[とび森]AM11時[BGM].mp3
[DSM] Beach Town 15 minutes,pmfi,Beach Town,E:\MUSIC\4 Ytube  2020 music preference\Beach Town .mp3
"The Greatest Showman | ""Come Alive"" Lyric Video | Fox Family Entertainment",,,E:\MUSIC\4 Ytube  2020 music preference\Come Alive .mp3
★ Studio Ghibli Cello Collection,,,E:\MUSIC\4 Ytube  2020 music preference\Ghibli Cello Collection.mp3
"One Piece Opening 16 ""Hands Up!""  Full Version (HD)",,,E:\MUSIC\4 Ytube  2020 music preference\Hands Up!.mp3
Namie Amuro - Hope,One Piece,,E:\MUSIC\4 Ytube  2020 music preference\Hope.mp3
Hopes and Dreams,Undertale Ost: 087,,E:\MUSIC\4 Ytube  2020 music preference\Undertale Ost_ 087 - Hopes and Dreams.mp3
"Jump Up, Super Star!",Super Mario Odyssey,,"E:\MUSIC\4 Ytube  2020 music preference\Jump Up, Super Star!.mp3"
FROZEN | Let It Go Sing-along | Official Disney UK,,,E:\MUSIC\4 Ytube  2020 music preference\Let It Go.mp3
◆ Lupin III Theme '80 (Jazz Orchestra) live ver.,,,E:\MUSIC\4 Ytube  2020 music preference\◆ Lupin III Theme '80 .mp3
Lupin the Third (English Vocal version),,,E:\MUSIC\4 Ytube  2020 music preference\Lupin the Third (English Vocal version).mp3
,,,E:\MUSIC\4 Ytube  2020 music preference\Live While We're Young.mp3
,,,E:\MUSIC\4 Ytube  2020 music preference\Story of My Life.mp3
,,,E:\MUSIC\4 Ytube  2020 music preference\[とび森]PM0時[BGM].mp3
,,,E:\MUSIC\4 Ytube  2020 music preference\[とび森]PM1時[BGM].mp3
,,,E:\MUSIC\4 Ytube  2020 music preference\[とび森]PM2時[BGM].mp3
,,,E:\MUSIC\4 Ytube  2020 music preference\[とび森]PM3時[BGM].mp3
,,,E:\MUSIC\4 Ytube  2020 music preference\[とび森]PM4時[BGM].mp3
,,,E:\MUSIC\4 Ytube  2020 music preference\[とび森]PM5時[BGM].mp3
,,,E:\MUSIC\4 Ytube  2020 music preference\[とび森]PM6時[BGM].mp3
,,,E:\MUSIC\4 Ytube  2020 music preference\[とび森]PM8時[BGM].mp3
,,,E:\MUSIC\4 Ytube  2020 music preference\[とび森]PM9時[BGM].mp3
,,,E:\MUSIC\4 Ytube  2020 music preference\[とび森]PM10時[BGM].mp3
,,,E:\MUSIC\4 Ytube  2020 music preference\[とび森]PM11時[BGM].mp3
ラプソディー・イン・ブルー　バーンスタイン　1976,,,E:\MUSIC\4 Ytube  2020 music preference\rhapsody in blue.mp3
,,,E:\MUSIC\4 Ytube  2020 music preference\Rupin Piano.mp3
,,,E:\MUSIC\4 Ytube  2020 music preference\Summer .mp3
,,,E:\MUSIC\4 Ytube  2020 music preference\That Summer.mp3
,,,E:\MUSIC\4 Ytube  2020 music preference\Top of the world .mp3
TRIGGER★HAPPY,P*Light,,E:\MUSIC\4 Ytube  2020 music preference\P_Light - TRIGGER★HAPPY.mp3
,,,E:\MUSIC\4 Ytube  2020 music preference\We Are Never Ever Getting Back Together lyrics.mp3
Evangelion:2.0 You Can (Not) Advance (Thai & English Lyrics),"""The Final Decision We All Must Take""",,E:\MUSIC\4 Ytube  2020 music preference\The Final Decision We All Must Take - Evangelion_2.0 You Can (Not) Advance (Thai & English Lyrics).mp3
,,,E:\MUSIC\4 Ytube  2020 music preference\Yesterday Once More .mp3
異国情緒溢れる　アコーディオン音楽集【作業用BGM】民族音楽　街　怪しい　Accordion Music,,,E:\MUSIC\4 Ytube  2020 music preference\Accordion Music.mp3
踊りたくなる　楽しい　ケルト音楽集　【作業用BGM】Celtic Music,,,E:\MUSIC\4 Ytube  2020 music preference\Celtic Music.mp3
,,,E:\MUSIC\4 Ytube  2020 music preference\Pavarotti - Nessun Dorma 1994 (High Quality With Lyrics).mp3
Music: Heaven's Rock Seat,Etrian Odyssey II: Heroes of Lagaard,,E:\MUSIC\4 Ytube  2020 music preference\Etrian Odyssey II_ Heroes of Lagaard - Music_ Heaven's Rock Seat.mp3
Final Boss,Etrian Odyssey Nexus [世界樹の迷宮X],,E:\MUSIC\4 Ytube  2020 music preference\Etrian Odyssey Nexus [世界樹の迷宮X] - Final Boss.mp3
